{
  "run_at": "2026-03-05T23:43:21Z",
  "markets_analyzed": 2528,
  "total_trades": 16254,
  "summary": {
    "win_rate": 0.7924,
    "total_pnl": 28027.99,
    "avg_pnl_per_trade": 1.7244,
    "max_drawdown": 52.33,
    "avg_brier_score": 0.144,
    "avg_edge": 0.3589
  },
  "by_direction": {
    "buy_yes": {
      "count": 3853,
      "win_rate": 0.4872
    },
    "buy_no": {
      "count": 12401,
      "win_rate": 0.8873
    }
  },
  "by_confidence": {
    "low": {
      "count": 176,
      "win_rate": 0.8068181818181818,
      "avg_pnl": 2.045992108758799
    },
    "medium": {
      "count": 12761,
      "win_rate": 0.8061280463913486,
      "avg_pnl": 1.793806549301207
    },
    "high": {
      "count": 3311,
      "win_rate": 0.7387496224705528,
      "avg_pnl": 1.4386806241777017
    }
  },
  "calibration": {
    "0.0-0.1": {
      "count": 888,
      "actual_rate": 0.039414414414414414
    },
    "0.1-0.2": {
      "count": 414,
      "actual_rate": 0.10144927536231885
    },
    "0.2-0.3": {
      "count": 371,
      "actual_rate": 0.16711590296495957
    },
    "0.3-0.4": {
      "count": 48,
      "actual_rate": 0.4166666666666667
    },
    "0.4-0.5": {
      "count": 95,
      "actual_rate": 0.3368421052631579
    },
    "0.5-0.6": {
      "count": 158,
      "actual_rate": 0.3037974683544304
    },
    "0.6-0.7": {
      "count": 24,
      "actual_rate": 0.4583333333333333
    },
    "0.7-0.8": {
      "count": 426,
      "actual_rate": 0.49765258215962443
    },
    "0.8-0.9": {
      "count": 31,
      "actual_rate": 0.7096774193548387
    },
    "0.9-1.0": {
      "count": 73,
      "actual_rate": 0.6438356164383562
    }
  },
  "arr_estimate": {
    "daily_gross": 8.62,
    "monthly_gross": 258.66,
    "monthly_net": 238.66,
    "annual_net": 2863.87,
    "arr_pct": 3818.5,
    "note": "Based on 5 trades/day, $20/mo infra, $75 capital"
  },
  "sample_trades": [
    {
      "question": "Will Kim Kardashian and Kanye West divorce before Jan 1, 2021?",
      "direction": "buy_yes",
      "entry": 0.2,
      "claude_prob": 0.92,
      "actual": "NO_WON",
      "won": false,
      "pnl": -2.0
    },
    {
      "question": "Will Kim Kardashian and Kanye West divorce before Jan 1, 2021?",
      "direction": "buy_yes",
      "entry": 0.3,
      "claude_prob": 0.92,
      "actual": "NO_WON",
      "won": false,
      "pnl": -2.0
    },
    {
      "question": "Will Kim Kardashian and Kanye West divorce before Jan 1, 2021?",
      "direction": "buy_yes",
      "entry": 0.4,
      "claude_prob": 0.92,
      "actual": "NO_WON",
      "won": false,
      "pnl": -2.0
    },
    {
      "question": "Will Kim Kardashian and Kanye West divorce before Jan 1, 2021?",
      "direction": "buy_yes",
      "entry": 0.5,
      "claude_prob": 0.92,
      "actual": "NO_WON",
      "won": false,
      "pnl": -2.0
    },
    {
      "question": "Will Kim Kardashian and Kanye West divorce before Jan 1, 2021?",
      "direction": "buy_yes",
      "entry": 0.6,
      "claude_prob": 0.92,
      "actual": "NO_WON",
      "won": false,
      "pnl": -2.0
    },
    {
      "question": "Will Kim Kardashian and Kanye West divorce before Jan 1, 2021?",
      "direction": "buy_yes",
      "entry": 0.7,
      "claude_prob": 0.92,
      "actual": "NO_WON",
      "won": false,
      "pnl": -2.0
    },
    {
      "question": "Will Kim Kardashian and Kanye West divorce before Jan 1, 2021?",
      "direction": "buy_yes",
      "entry": 0.8,
      "claude_prob": 0.92,
      "actual": "NO_WON",
      "won": false,
      "pnl": -2.0
    },
    {
      "question": "Will Coinbase begin publicly trading before Jan 1, 2021?",
      "direction": "buy_no",
      "entry": 0.2,
      "claude_prob": 0.15,
      "actual": "NO_WON",
      "won": true,
      "pnl": 0.3473
    },
    {
      "question": "Will Coinbase begin publicly trading before Jan 1, 2021?",
      "direction": "buy_no",
      "entry": 0.3,
      "claude_prob": 0.15,
      "actual": "NO_WON",
      "won": true,
      "pnl": 0.6667
    },
    {
      "question": "Will Coinbase begin publicly trading before Jan 1, 2021?",
      "direction": "buy_no",
      "entry": 0.4,
      "claude_prob": 0.15,
      "actual": "NO_WON",
      "won": true,
      "pnl": 1.0866
    },
    {
      "question": "Will Coinbase begin publicly trading before Jan 1, 2021?",
      "direction": "buy_no",
      "entry": 0.5,
      "claude_prob": 0.15,
      "actual": "NO_WON",
      "won": true,
      "pnl": 1.6636
    },
    {
      "question": "Will Coinbase begin publicly trading before Jan 1, 2021?",
      "direction": "buy_no",
      "entry": 0.6,
      "claude_prob": 0.15,
      "actual": "NO_WON",
      "won": true,
      "pnl": 2.5057
    },
    {
      "question": "Will Coinbase begin publicly trading before Jan 1, 2021?",
      "direction": "buy_no",
      "entry": 0.7,
      "claude_prob": 0.15,
      "actual": "NO_WON",
      "won": true,
      "pnl": 3.8507
    },
    {
      "question": "Will Coinbase begin publicly trading before Jan 1, 2021?",
      "direction": "buy_no",
      "entry": 0.8,
      "claude_prob": 0.15,
      "actual": "NO_WON",
      "won": true,
      "pnl": 6.3404
    },
    {
      "question": "Will Trump win the 2020 U.S. presidential election?",
      "direction": "buy_no",
      "entry": 0.2,
      "claude_prob": 0.08,
      "actual": "NO_WON",
      "won": true,
      "pnl": 0.3473
    },
    {
      "question": "Will Trump win the 2020 U.S. presidential election?",
      "direction": "buy_no",
      "entry": 0.3,
      "claude_prob": 0.08,
      "actual": "NO_WON",
      "won": true,
      "pnl": 0.6667
    },
    {
      "question": "Will Trump win the 2020 U.S. presidential election?",
      "direction": "buy_no",
      "entry": 0.4,
      "claude_prob": 0.08,
      "actual": "NO_WON",
      "won": true,
      "pnl": 1.0866
    },
    {
      "question": "Will Trump win the 2020 U.S. presidential election?",
      "direction": "buy_no",
      "entry": 0.5,
      "claude_prob": 0.08,
      "actual": "NO_WON",
      "won": true,
      "pnl": 1.6636
    },
    {
      "question": "Will Trump win the 2020 U.S. presidential election?",
      "direction": "buy_no",
      "entry": 0.6,
      "claude_prob": 0.08,
      "actual": "NO_WON",
      "won": true,
      "pnl": 2.5057
    },
    {
      "question": "Will Trump win the 2020 U.S. presidential election?",
      "direction": "buy_no",
      "entry": 0.7,
      "claude_prob": 0.08,
      "actual": "NO_WON",
      "won": true,
      "pnl": 3.8507
    }
  ]
}