{
  "1. Baseline (5% symmetric)": {
    "trades": 470,
    "win_rate": 0.648936170212766,
    "total_pnl": 280.0,
    "avg_pnl": 0.5957,
    "brier": 0.2391,
    "max_drawdown": 12.0,
    "yes_trades": 260,
    "yes_win_rate": 0.5576923076923077,
    "no_trades": 210,
    "no_win_rate": 0.7619047619047619,
    "arr_3": 538.0,
    "arr_5": 1110.0,
    "arr_8": 1968.0
  },
  "2. NO-only": {
    "trades": 210,
    "win_rate": 0.7619047619047619,
    "total_pnl": 220.0,
    "avg_pnl": 1.0476,
    "brier": 0.2391,
    "max_drawdown": 8.0,
    "yes_trades": 0,
    "yes_win_rate": 0,
    "no_trades": 210,
    "no_win_rate": 0.7619047619047619,
    "arr_3": 1189.0,
    "arr_5": 2194.0,
    "arr_8": 3703.0
  },
  "3. Asymmetric (YES 15%, NO 5%)": {
    "trades": 452,
    "win_rate": 0.6526548672566371,
    "total_pnl": 276.0,
    "avg_pnl": 0.6106,
    "brier": 0.2391,
    "max_drawdown": 12.0,
    "yes_trades": 242,
    "yes_win_rate": 0.5578512396694215,
    "no_trades": 210,
    "no_win_rate": 0.7619047619047619,
    "arr_3": 559.0,
    "arr_5": 1145.0,
    "arr_8": 2025.0
  },
  "4. Asymmetric (YES 20%, NO 5%)": {
    "trades": 449,
    "win_rate": 0.6547884187082406,
    "total_pnl": 278.0,
    "avg_pnl": 0.6192,
    "brier": 0.2391,
    "max_drawdown": 12.0,
    "yes_trades": 239,
    "yes_win_rate": 0.5606694560669456,
    "no_trades": 210,
    "no_win_rate": 0.7619047619047619,
    "arr_3": 572.0,
    "arr_5": 1166.0,
    "arr_8": 2058.0
  },
  "5. High threshold (10% symmetric)": {
    "trades": 426,
    "win_rate": 0.6525821596244131,
    "total_pnl": 260.0,
    "avg_pnl": 0.6103,
    "brier": 0.2391,
    "max_drawdown": 12.0,
    "yes_trades": 250,
    "yes_win_rate": 0.556,
    "no_trades": 176,
    "no_win_rate": 0.7897727272727273,
    "arr_3": 559.0,
    "arr_5": 1145.0,
    "arr_8": 2024.0
  },
  "6. Calibrated v2 (5% symmetric)": {
    "trades": 372,
    "win_rate": 0.6854838709677419,
    "total_pnl": 276.0,
    "avg_pnl": 0.7419,
    "brier": 0.2171,
    "max_drawdown": 10.0,
    "yes_trades": 90,
    "yes_win_rate": 0.6333333333333333,
    "no_trades": 282,
    "no_win_rate": 0.7021276595744681,
    "arr_3": 748.0,
    "arr_5": 1461.0,
    "arr_8": 2529.0
  },
  "7. Calibrated v2 + NO-only": {
    "trades": 282,
    "win_rate": 0.7021276595744681,
    "total_pnl": 228.0,
    "avg_pnl": 0.8085,
    "brier": 0.2171,
    "max_drawdown": 8.0,
    "yes_trades": 0,
    "yes_win_rate": 0,
    "no_trades": 282,
    "no_win_rate": 0.7021276595744681,
    "arr_3": 844.0,
    "arr_5": 1620.0,
    "arr_8": 2785.0
  },
  "8. Calibrated v2 + Asymmetric (YES 15%, NO 5%)": {
    "trades": 354,
    "win_rate": 0.6864406779661016,
    "total_pnl": 264.0,
    "avg_pnl": 0.7458,
    "brier": 0.2171,
    "max_drawdown": 10.0,
    "yes_trades": 72,
    "yes_win_rate": 0.625,
    "no_trades": 282,
    "no_win_rate": 0.7021276595744681,
    "arr_3": 754.0,
    "arr_5": 1470.0,
    "arr_8": 2544.0
  },
  "9. Calibrated v2 + Confidence Sizing": {
    "trades": 372,
    "win_rate": 0.6854838709677419,
    "total_pnl": 275.1,
    "avg_pnl": 0.7395,
    "brier": 0.2171,
    "max_drawdown": 10.0,
    "yes_trades": 90,
    "yes_win_rate": 0.6333333333333333,
    "no_trades": 282,
    "no_win_rate": 0.7021276595744681,
    "arr_3": 745.0,
    "arr_5": 1455.0,
    "arr_8": 2520.0
  },
  "10. Cal v2 + Asym + Confidence Sizing": {
    "trades": 354,
    "win_rate": 0.6864406779661016,
    "total_pnl": 264.9,
    "avg_pnl": 0.7483,
    "brier": 0.2171,
    "max_drawdown": 10.0,
    "yes_trades": 72,
    "yes_win_rate": 0.625,
    "no_trades": 282,
    "no_win_rate": 0.7021276595744681,
    "arr_3": 758.0,
    "arr_5": 1476.0,
    "arr_8": 2553.0
  }
}